-- +goose Up
-- Categories (8)
INSERT INTO categories (id, name, abbreviation, color) VALUES
    ('a1b2c3d4-0001-0001-0001-000000000001', 'Фотография', 'ФО', '#f59e0b'),
    ('a1b2c3d4-0001-0001-0001-000000000002', 'Музыка', 'МЗ', '#8b5cf6'),
    ('a1b2c3d4-0001-0001-0001-000000000003', 'Искусство', 'ИС', '#ec4899'),
    ('a1b2c3d4-0001-0001-0001-000000000004', 'Кулинария', 'КЛ', '#f97316'),
    ('a1b2c3d4-0001-0001-0001-000000000005', 'Видео', 'ВД', '#06b6d4'),
    ('a1b2c3d4-0001-0001-0001-000000000006', 'Дизайн', 'ДЗ', '#6366f1'),
    ('a1b2c3d4-0001-0001-0001-000000000007', 'Бизнес', 'БЗ', '#10b981'),
    ('a1b2c3d4-0001-0001-0001-000000000008', 'Хобби', 'ХБ', '#ef4444');

-- Authors (2)
INSERT INTO authors (id, user_id, name, initials, subtitle, bio, courses_count, years_experience, approved) VALUES
    ('b1b2c3d4-0002-0002-0002-000000000001',
     'c1c2c3c4-9999-9999-9999-000000000001',
     'Алексей Петров', 'АП',
     'Профессиональный фотограф и видеограф',
     'Более 10 лет опыта в профессиональной фотографии и видеосъёмке. Работал с крупнейшими брендами и журналами. Автор серии мастер-классов по визуальному искусству.',
     4, 10, true),
    ('b1b2c3d4-0002-0002-0002-000000000002',
     'c1c2c3c4-9999-9999-9999-000000000002',
     'Мария Иванова', 'МИ',
     'Творческий директор и предприниматель',
     'Творческий директор с 8-летним опытом в дизайне, искусстве и развитии бизнеса. Основательница студии дизайна и арт-пространства.',
     4, 8, true);

-- Courses (8)
INSERT INTO courses (id, title, description, author_id, category_id, level, price, old_price, color_1, color_2, tag, preview_url, published) VALUES
    ('d1d2d3d4-0003-0003-0003-000000000001',
     'Фотография: от новичка до профессионала',
     'Научитесь делать потрясающие снимки: от настройки камеры до обработки фотографий в Lightroom и Photoshop.',
     'b1b2c3d4-0002-0002-0002-000000000001',
     'a1b2c3d4-0001-0001-0001-000000000001',
     'Новичкам', 2490, 3200, '#f59e0b', '#d97706', 'Бестселлер', NULL, true),

    ('d1d2d3d4-0003-0003-0003-000000000002',
     'Создание музыки: от идеи до трека',
     'Полный курс по созданию музыки: от написания мелодии до мастеринга готового трека в Ableton Live.',
     'b1b2c3d4-0002-0002-0002-000000000002',
     'a1b2c3d4-0001-0001-0001-000000000002',
     'Новичкам', 1990, 2800, '#8b5cf6', '#7c3aed', 'Популярное', NULL, true),

    ('d1d2d3d4-0003-0003-0003-000000000003',
     'Акварельная живопись с нуля',
     'Освойте акварельную технику: от базовых упражнений до создания полноценных картин.',
     'b1b2c3d4-0002-0002-0002-000000000002',
     'a1b2c3d4-0001-0001-0001-000000000003',
     'Новичкам', 2190, NULL, '#ec4899', '#db2777', 'Новинка', NULL, true),

    ('d1d2d3d4-0003-0003-0003-000000000004',
     'Кулинарное искусство: авторская кухня',
     'Изучите техники профессиональной кухни: от базовых навыков до создания авторских блюд ресторанного уровня.',
     'b1b2c3d4-0002-0002-0002-000000000002',
     'a1b2c3d4-0001-0001-0001-000000000004',
     'Продвинутый', 3200, NULL, '#f97316', '#ea580c', NULL, NULL, true),

    ('d1d2d3d4-0003-0003-0003-000000000005',
     'Видеомонтаж: создание контента',
     'Как снимать и монтировать видео для YouTube, соцсетей и коммерческих проектов.',
     'b1b2c3d4-0002-0002-0002-000000000001',
     'a1b2c3d4-0001-0001-0001-000000000005',
     'Любой', 1490, 1990, '#06b6d4', '#0891b2', 'Популярное', NULL, true),

    ('d1d2d3d4-0003-0003-0003-000000000006',
     'Графический дизайн в Figma',
     'Глубокое погружение в Figma: компоненты, Auto Layout, прототипы и создание дизайн-систем.',
     'b1b2c3d4-0002-0002-0002-000000000002',
     'a1b2c3d4-0001-0001-0001-000000000006',
     'Продвинутый', 990, NULL, '#6366f1', '#4f46e5', NULL, NULL, true),

    ('d1d2d3d4-0003-0003-0003-000000000007',
     'Запуск своего бизнеса с нуля',
     'Практический курс: от идеи до первых продаж. Бизнес-план, финансы, маркетинг, юридические аспекты.',
     'b1b2c3d4-0002-0002-0002-000000000001',
     'a1b2c3d4-0001-0001-0001-000000000007',
     'Любой', 2990, 3500, '#10b981', '#059669', 'Бестселлер', NULL, true),

    ('d1d2d3d4-0003-0003-0003-000000000008',
     'Керамика и гончарное мастерство',
     'Научитесь создавать керамические изделия: от простых форм до сложных композиций с глазурованием.',
     'b1b2c3d4-0002-0002-0002-000000000001',
     'a1b2c3d4-0001-0001-0001-000000000008',
     'Новичкам', 2290, 2990, '#ef4444', '#dc2626', 'Новинка', NULL, true);

-- Learn items
INSERT INTO course_learn_items (course_id, text, sort_order) VALUES
    ('d1d2d3d4-0003-0003-0003-000000000001', 'Настройка камеры: выдержка, диафрагма, ISO', 1),
    ('d1d2d3d4-0003-0003-0003-000000000001', 'Работа со светом: естественный и искусственный', 2),
    ('d1d2d3d4-0003-0003-0003-000000000001', 'Композиция и кадрирование', 3),
    ('d1d2d3d4-0003-0003-0003-000000000001', 'Обработка в Lightroom и Photoshop', 4),
    ('d1d2d3d4-0003-0003-0003-000000000001', 'Портретная и пейзажная съёмка', 5),
    ('d1d2d3d4-0003-0003-0003-000000000001', 'Создание портфолио фотографа', 6),
    ('d1d2d3d4-0003-0003-0003-000000000002', 'Основы музыкальной теории', 1),
    ('d1d2d3d4-0003-0003-0003-000000000002', 'Работа в DAW (Ableton Live)', 2),
    ('d1d2d3d4-0003-0003-0003-000000000002', 'Создание битов и мелодий', 3),
    ('d1d2d3d4-0003-0003-0003-000000000002', 'Запись и обработка вокала', 4),
    ('d1d2d3d4-0003-0003-0003-000000000002', 'Сведение и мастеринг', 5),
    ('d1d2d3d4-0003-0003-0003-000000000003', 'Материалы и инструменты художника', 1),
    ('d1d2d3d4-0003-0003-0003-000000000003', 'Базовые техники акварели', 2),
    ('d1d2d3d4-0003-0003-0003-000000000003', 'Смешивание цветов и палитра', 3),
    ('d1d2d3d4-0003-0003-0003-000000000003', 'Рисование натюрмортов и пейзажей', 4),
    ('d1d2d3d4-0003-0003-0003-000000000003', 'Создание законченных работ', 5),
    ('d1d2d3d4-0003-0003-0003-000000000004', 'Базовые кулинарные техники', 1),
    ('d1d2d3d4-0003-0003-0003-000000000004', 'Работа с разными продуктами', 2),
    ('d1d2d3d4-0003-0003-0003-000000000004', 'Соусы и заправки', 3),
    ('d1d2d3d4-0003-0003-0003-000000000004', 'Подача блюд', 4),
    ('d1d2d3d4-0003-0003-0003-000000000004', 'Разработка авторских рецептов', 5),
    ('d1d2d3d4-0003-0003-0003-000000000005', 'Основы видеосъёмки', 1),
    ('d1d2d3d4-0003-0003-0003-000000000005', 'Монтаж в Adobe Premiere Pro', 2),
    ('d1d2d3d4-0003-0003-0003-000000000005', 'Цветокоррекция в DaVinci Resolve', 3),
    ('d1d2d3d4-0003-0003-0003-000000000005', 'Работа со звуком', 4),
    ('d1d2d3d4-0003-0003-0003-000000000005', 'Создание графики и титров', 5),
    ('d1d2d3d4-0003-0003-0003-000000000006', 'Основы графического дизайна', 1),
    ('d1d2d3d4-0003-0003-0003-000000000006', 'Работа в Figma', 2),
    ('d1d2d3d4-0003-0003-0003-000000000006', 'Компоненты и дизайн-системы', 3),
    ('d1d2d3d4-0003-0003-0003-000000000006', 'Прототипирование и анимация', 4),
    ('d1d2d3d4-0003-0003-0003-000000000006', 'Работа с заказчиками', 5),
    ('d1d2d3d4-0003-0003-0003-000000000007', 'Поиск и валидация бизнес-идеи', 1),
    ('d1d2d3d4-0003-0003-0003-000000000007', 'Составление бизнес-плана', 2),
    ('d1d2d3d4-0003-0003-0003-000000000007', 'Финансовое планирование', 3),
    ('d1d2d3d4-0003-0003-0003-000000000007', 'Маркетинг и привлечение клиентов', 4),
    ('d1d2d3d4-0003-0003-0003-000000000007', 'Юридические аспекты бизнеса', 5),
    ('d1d2d3d4-0003-0003-0003-000000000007', 'Масштабирование и рост', 6),
    ('d1d2d3d4-0003-0003-0003-000000000008', 'Виды глины и подготовка материала', 1),
    ('d1d2d3d4-0003-0003-0003-000000000008', 'Ручная лепка: базовые техники', 2),
    ('d1d2d3d4-0003-0003-0003-000000000008', 'Работа на гончарном круге', 3),
    ('d1d2d3d4-0003-0003-0003-000000000008', 'Глазурование и декорирование', 4),
    ('d1d2d3d4-0003-0003-0003-000000000008', 'Обжиг: теория и практика', 5);

-- Includes
INSERT INTO course_includes (course_id, text, sort_order) VALUES
    ('d1d2d3d4-0003-0003-0003-000000000001', '42 часа видео', 1),
    ('d1d2d3d4-0003-0003-0003-000000000001', '15 практических заданий', 2),
    ('d1d2d3d4-0003-0003-0003-000000000001', 'Разбор ваших работ', 3),
    ('d1d2d3d4-0003-0003-0003-000000000001', 'Сертификат о прохождении', 4),
    ('d1d2d3d4-0003-0003-0003-000000000001', 'Пожизненный доступ к материалам', 5),
    ('d1d2d3d4-0003-0003-0003-000000000002', '36 часов видео', 1),
    ('d1d2d3d4-0003-0003-0003-000000000002', '12 практических заданий', 2),
    ('d1d2d3d4-0003-0003-0003-000000000002', 'Банк сэмплов и пресетов', 3),
    ('d1d2d3d4-0003-0003-0003-000000000002', 'Сертификат о прохождении', 4),
    ('d1d2d3d4-0003-0003-0003-000000000003', '28 часов видео', 1),
    ('d1d2d3d4-0003-0003-0003-000000000003', '10 практических заданий', 2),
    ('d1d2d3d4-0003-0003-0003-000000000003', 'Список материалов для старта', 3),
    ('d1d2d3d4-0003-0003-0003-000000000003', 'Сертификат о прохождении', 4),
    ('d1d2d3d4-0003-0003-0003-000000000004', '24 часа видео', 1),
    ('d1d2d3d4-0003-0003-0003-000000000004', '20 рецептов с инструкциями', 2),
    ('d1d2d3d4-0003-0003-0003-000000000004', 'Список оборудования', 3),
    ('d1d2d3d4-0003-0003-0003-000000000004', 'Сертификат о прохождении', 4),
    ('d1d2d3d4-0003-0003-0003-000000000005', '32 часа видео', 1),
    ('d1d2d3d4-0003-0003-0003-000000000005', '8 практических проектов', 2),
    ('d1d2d3d4-0003-0003-0003-000000000005', 'Пресеты для цветокоррекции', 3),
    ('d1d2d3d4-0003-0003-0003-000000000005', 'Сертификат о прохождении', 4),
    ('d1d2d3d4-0003-0003-0003-000000000006', '20 часов видео', 1),
    ('d1d2d3d4-0003-0003-0003-000000000006', '6 практических проектов', 2),
    ('d1d2d3d4-0003-0003-0003-000000000006', 'Шаблоны и UI-киты', 3),
    ('d1d2d3d4-0003-0003-0003-000000000006', 'Сертификат о прохождении', 4),
    ('d1d2d3d4-0003-0003-0003-000000000007', '38 часов видео', 1),
    ('d1d2d3d4-0003-0003-0003-000000000007', '12 бизнес-шаблонов', 2),
    ('d1d2d3d4-0003-0003-0003-000000000007', 'Разбор реальных кейсов', 3),
    ('d1d2d3d4-0003-0003-0003-000000000007', 'Сертификат о прохождении', 4),
    ('d1d2d3d4-0003-0003-0003-000000000007', 'Доступ к сообществу', 5),
    ('d1d2d3d4-0003-0003-0003-000000000008', '18 часов видео', 1),
    ('d1d2d3d4-0003-0003-0003-000000000008', '8 практических проектов', 2),
    ('d1d2d3d4-0003-0003-0003-000000000008', 'Список материалов и инструментов', 3),
    ('d1d2d3d4-0003-0003-0003-000000000008', 'Сертификат о прохождении', 4);

-- Modules and lessons: Course 1 (Фотография) — 5 modules, 15 lessons
INSERT INTO course_modules (id, course_id, title, sort_order) VALUES
    ('e1e2e3e4-0004-0004-0004-000000000001', 'd1d2d3d4-0003-0003-0003-000000000001', 'Основы фотографии', 1),
    ('e1e2e3e4-0004-0004-0004-000000000002', 'd1d2d3d4-0003-0003-0003-000000000001', 'Работа со светом', 2),
    ('e1e2e3e4-0004-0004-0004-000000000003', 'd1d2d3d4-0003-0003-0003-000000000001', 'Композиция и кадрирование', 3),
    ('e1e2e3e4-0004-0004-0004-000000000004', 'd1d2d3d4-0003-0003-0003-000000000001', 'Обработка фотографий', 4),
    ('e1e2e3e4-0004-0004-0004-000000000005', 'd1d2d3d4-0003-0003-0003-000000000001', 'Портретная съёмка', 5);

INSERT INTO lessons (id, module_id, course_id, name, duration_minutes, is_free, sort_order) VALUES
    ('f1f2f3f4-0005-0001-0001-000000000001', 'e1e2e3e4-0004-0004-0004-000000000001', 'd1d2d3d4-0003-0003-0003-000000000001', 'Знакомство с камерой', 15, true, 1),
    ('f1f2f3f4-0005-0001-0001-000000000002', 'e1e2e3e4-0004-0004-0004-000000000001', 'd1d2d3d4-0003-0003-0003-000000000001', 'Выдержка, диафрагма и ISO', 20, true, 2),
    ('f1f2f3f4-0005-0001-0001-000000000003', 'e1e2e3e4-0004-0004-0004-000000000001', 'd1d2d3d4-0003-0003-0003-000000000001', 'Ручной режим съёмки', 25, false, 3),
    ('f1f2f3f4-0005-0001-0001-000000000004', 'e1e2e3e4-0004-0004-0004-000000000002', 'd1d2d3d4-0003-0003-0003-000000000001', 'Естественный свет', 30, false, 1),
    ('f1f2f3f4-0005-0001-0001-000000000005', 'e1e2e3e4-0004-0004-0004-000000000002', 'd1d2d3d4-0003-0003-0003-000000000001', 'Искусственное освещение', 25, false, 2),
    ('f1f2f3f4-0005-0001-0001-000000000006', 'e1e2e3e4-0004-0004-0004-000000000002', 'd1d2d3d4-0003-0003-0003-000000000001', 'Схемы освещения', 35, false, 3),
    ('f1f2f3f4-0005-0001-0001-000000000007', 'e1e2e3e4-0004-0004-0004-000000000003', 'd1d2d3d4-0003-0003-0003-000000000001', 'Правило третей', 20, false, 1),
    ('f1f2f3f4-0005-0001-0001-000000000008', 'e1e2e3e4-0004-0004-0004-000000000003', 'd1d2d3d4-0003-0003-0003-000000000001', 'Ведущие линии и перспектива', 25, false, 2),
    ('f1f2f3f4-0005-0001-0001-000000000009', 'e1e2e3e4-0004-0004-0004-000000000003', 'd1d2d3d4-0003-0003-0003-000000000001', 'Цвет в фотографии', 30, false, 3),
    ('f1f2f3f4-0005-0001-0001-000000000010', 'e1e2e3e4-0004-0004-0004-000000000004', 'd1d2d3d4-0003-0003-0003-000000000001', 'Основы Lightroom', 35, false, 1),
    ('f1f2f3f4-0005-0001-0001-000000000011', 'e1e2e3e4-0004-0004-0004-000000000004', 'd1d2d3d4-0003-0003-0003-000000000001', 'Ретушь в Photoshop', 40, false, 2),
    ('f1f2f3f4-0005-0001-0001-000000000012', 'e1e2e3e4-0004-0004-0004-000000000004', 'd1d2d3d4-0003-0003-0003-000000000001', 'Пресеты и пакетная обработка', 25, false, 3),
    ('f1f2f3f4-0005-0001-0001-000000000013', 'e1e2e3e4-0004-0004-0004-000000000005', 'd1d2d3d4-0003-0003-0003-000000000001', 'Работа с моделью', 30, false, 1),
    ('f1f2f3f4-0005-0001-0001-000000000014', 'e1e2e3e4-0004-0004-0004-000000000005', 'd1d2d3d4-0003-0003-0003-000000000001', 'Студийная съёмка', 35, false, 2),
    ('f1f2f3f4-0005-0001-0001-000000000015', 'e1e2e3e4-0004-0004-0004-000000000005', 'd1d2d3d4-0003-0003-0003-000000000001', 'Создание портфолио', 40, false, 3);

-- Modules and lessons: Course 2 (Музыка) — 3 modules, 8 lessons
INSERT INTO course_modules (id, course_id, title, sort_order) VALUES
    ('e1e2e3e4-0004-0004-0004-000000000006', 'd1d2d3d4-0003-0003-0003-000000000002', 'Основы создания музыки', 1),
    ('e1e2e3e4-0004-0004-0004-000000000007', 'd1d2d3d4-0003-0003-0003-000000000002', 'Работа в DAW', 2),
    ('e1e2e3e4-0004-0004-0004-000000000008', 'd1d2d3d4-0003-0003-0003-000000000002', 'Сведение и мастеринг', 3);

INSERT INTO lessons (id, module_id, course_id, name, duration_minutes, is_free, sort_order) VALUES
    ('f1f2f3f4-0005-0002-0002-000000000001', 'e1e2e3e4-0004-0004-0004-000000000006', 'd1d2d3d4-0003-0003-0003-000000000002', 'Музыкальная теория для продюсеров', 25, true, 1),
    ('f1f2f3f4-0005-0002-0002-000000000002', 'e1e2e3e4-0004-0004-0004-000000000006', 'd1d2d3d4-0003-0003-0003-000000000002', 'Ритм и темп', 20, true, 2),
    ('f1f2f3f4-0005-0002-0002-000000000003', 'e1e2e3e4-0004-0004-0004-000000000006', 'd1d2d3d4-0003-0003-0003-000000000002', 'Аккорды и гармония', 30, false, 3),
    ('f1f2f3f4-0005-0002-0002-000000000004', 'e1e2e3e4-0004-0004-0004-000000000007', 'd1d2d3d4-0003-0003-0003-000000000002', 'Интерфейс Ableton Live', 35, false, 1),
    ('f1f2f3f4-0005-0002-0002-000000000005', 'e1e2e3e4-0004-0004-0004-000000000007', 'd1d2d3d4-0003-0003-0003-000000000002', 'Создание битов', 40, false, 2),
    ('f1f2f3f4-0005-0002-0002-000000000006', 'e1e2e3e4-0004-0004-0004-000000000007', 'd1d2d3d4-0003-0003-0003-000000000002', 'Синтезаторы и сэмплы', 35, false, 3),
    ('f1f2f3f4-0005-0002-0002-000000000007', 'e1e2e3e4-0004-0004-0004-000000000008', 'd1d2d3d4-0003-0003-0003-000000000002', 'Основы сведения', 30, false, 1),
    ('f1f2f3f4-0005-0002-0002-000000000008', 'e1e2e3e4-0004-0004-0004-000000000008', 'd1d2d3d4-0003-0003-0003-000000000002', 'Мастеринг трека', 35, false, 2);

-- Modules and lessons: Course 3 (Искусство) — 3 modules, 7 lessons
INSERT INTO course_modules (id, course_id, title, sort_order) VALUES
    ('e1e2e3e4-0004-0004-0004-000000000009', 'd1d2d3d4-0003-0003-0003-000000000003', 'Материалы и инструменты', 1),
    ('e1e2e3e4-0004-0004-0004-000000000010', 'd1d2d3d4-0003-0003-0003-000000000003', 'Техники акварели', 2),
    ('e1e2e3e4-0004-0004-0004-000000000011', 'd1d2d3d4-0003-0003-0003-000000000003', 'Создание картин', 3);

INSERT INTO lessons (id, module_id, course_id, name, duration_minutes, is_free, sort_order) VALUES
    ('f1f2f3f4-0005-0003-0003-000000000001', 'e1e2e3e4-0004-0004-0004-000000000009', 'd1d2d3d4-0003-0003-0003-000000000003', 'Выбор красок и кистей', 20, true, 1),
    ('f1f2f3f4-0005-0003-0003-000000000002', 'e1e2e3e4-0004-0004-0004-000000000009', 'd1d2d3d4-0003-0003-0003-000000000003', 'Виды бумаги для акварели', 15, true, 2),
    ('f1f2f3f4-0005-0003-0003-000000000003', 'e1e2e3e4-0004-0004-0004-000000000010', 'd1d2d3d4-0003-0003-0003-000000000003', 'Заливки и градиенты', 30, false, 1),
    ('f1f2f3f4-0005-0003-0003-000000000004', 'e1e2e3e4-0004-0004-0004-000000000010', 'd1d2d3d4-0003-0003-0003-000000000003', 'Техника по-сырому', 35, false, 2),
    ('f1f2f3f4-0005-0003-0003-000000000005', 'e1e2e3e4-0004-0004-0004-000000000010', 'd1d2d3d4-0003-0003-0003-000000000003', 'Смешивание цветов', 25, false, 3),
    ('f1f2f3f4-0005-0003-0003-000000000006', 'e1e2e3e4-0004-0004-0004-000000000011', 'd1d2d3d4-0003-0003-0003-000000000003', 'Натюрморт акварелью', 40, false, 1),
    ('f1f2f3f4-0005-0003-0003-000000000007', 'e1e2e3e4-0004-0004-0004-000000000011', 'd1d2d3d4-0003-0003-0003-000000000003', 'Пейзаж акварелью', 45, false, 2);

-- Modules and lessons: Course 4 (Кулинария) — 3 modules, 8 lessons
INSERT INTO course_modules (id, course_id, title, sort_order) VALUES
    ('e1e2e3e4-0004-0004-0004-000000000012', 'd1d2d3d4-0003-0003-0003-000000000004', 'Базовые техники', 1),
    ('e1e2e3e4-0004-0004-0004-000000000013', 'd1d2d3d4-0003-0003-0003-000000000004', 'Кухни мира', 2),
    ('e1e2e3e4-0004-0004-0004-000000000014', 'd1d2d3d4-0003-0003-0003-000000000004', 'Авторские блюда', 3);

INSERT INTO lessons (id, module_id, course_id, name, duration_minutes, is_free, sort_order) VALUES
    ('f1f2f3f4-0005-0004-0004-000000000001', 'e1e2e3e4-0004-0004-0004-000000000012', 'd1d2d3d4-0003-0003-0003-000000000004', 'Организация рабочего места', 15, true, 1),
    ('f1f2f3f4-0005-0004-0004-000000000002', 'e1e2e3e4-0004-0004-0004-000000000012', 'd1d2d3d4-0003-0003-0003-000000000004', 'Техники нарезки', 25, true, 2),
    ('f1f2f3f4-0005-0004-0004-000000000003', 'e1e2e3e4-0004-0004-0004-000000000012', 'd1d2d3d4-0003-0003-0003-000000000004', 'Базовые соусы', 30, false, 3),
    ('f1f2f3f4-0005-0004-0004-000000000004', 'e1e2e3e4-0004-0004-0004-000000000013', 'd1d2d3d4-0003-0003-0003-000000000004', 'Итальянская кухня', 35, false, 1),
    ('f1f2f3f4-0005-0004-0004-000000000005', 'e1e2e3e4-0004-0004-0004-000000000013', 'd1d2d3d4-0003-0003-0003-000000000004', 'Японская кухня', 40, false, 2),
    ('f1f2f3f4-0005-0004-0004-000000000006', 'e1e2e3e4-0004-0004-0004-000000000013', 'd1d2d3d4-0003-0003-0003-000000000004', 'Французская кухня', 35, false, 3),
    ('f1f2f3f4-0005-0004-0004-000000000007', 'e1e2e3e4-0004-0004-0004-000000000014', 'd1d2d3d4-0003-0003-0003-000000000004', 'Создание авторского меню', 45, false, 1),
    ('f1f2f3f4-0005-0004-0004-000000000008', 'e1e2e3e4-0004-0004-0004-000000000014', 'd1d2d3d4-0003-0003-0003-000000000004', 'Подача и сервировка', 30, false, 2);

-- Modules and lessons: Course 5 (Видео) — 3 modules, 8 lessons
INSERT INTO course_modules (id, course_id, title, sort_order) VALUES
    ('e1e2e3e4-0004-0004-0004-000000000015', 'd1d2d3d4-0003-0003-0003-000000000005', 'Основы видеосъёмки', 1),
    ('e1e2e3e4-0004-0004-0004-000000000016', 'd1d2d3d4-0003-0003-0003-000000000005', 'Монтаж в Premiere Pro', 2),
    ('e1e2e3e4-0004-0004-0004-000000000017', 'd1d2d3d4-0003-0003-0003-000000000005', 'Цветокоррекция и звук', 3);

INSERT INTO lessons (id, module_id, course_id, name, duration_minutes, is_free, sort_order) VALUES
    ('f1f2f3f4-0005-0005-0005-000000000001', 'e1e2e3e4-0004-0004-0004-000000000015', 'd1d2d3d4-0003-0003-0003-000000000005', 'Настройка камеры для видео', 20, true, 1),
    ('f1f2f3f4-0005-0005-0005-000000000002', 'e1e2e3e4-0004-0004-0004-000000000015', 'd1d2d3d4-0003-0003-0003-000000000005', 'Стабилизация и движение', 25, true, 2),
    ('f1f2f3f4-0005-0005-0005-000000000003', 'e1e2e3e4-0004-0004-0004-000000000015', 'd1d2d3d4-0003-0003-0003-000000000005', 'Планирование съёмки', 20, false, 3),
    ('f1f2f3f4-0005-0005-0005-000000000004', 'e1e2e3e4-0004-0004-0004-000000000016', 'd1d2d3d4-0003-0003-0003-000000000005', 'Интерфейс Premiere Pro', 30, false, 1),
    ('f1f2f3f4-0005-0005-0005-000000000005', 'e1e2e3e4-0004-0004-0004-000000000016', 'd1d2d3d4-0003-0003-0003-000000000005', 'Базовый монтаж', 35, false, 2),
    ('f1f2f3f4-0005-0005-0005-000000000006', 'e1e2e3e4-0004-0004-0004-000000000016', 'd1d2d3d4-0003-0003-0003-000000000005', 'Переходы и эффекты', 30, false, 3),
    ('f1f2f3f4-0005-0005-0005-000000000007', 'e1e2e3e4-0004-0004-0004-000000000017', 'd1d2d3d4-0003-0003-0003-000000000005', 'Цветокоррекция в DaVinci', 35, false, 1),
    ('f1f2f3f4-0005-0005-0005-000000000008', 'e1e2e3e4-0004-0004-0004-000000000017', 'd1d2d3d4-0003-0003-0003-000000000005', 'Работа со звуком', 30, false, 2);

-- Modules and lessons: Course 6 (Дизайн) — 3 modules, 7 lessons
INSERT INTO course_modules (id, course_id, title, sort_order) VALUES
    ('e1e2e3e4-0004-0004-0004-000000000018', 'd1d2d3d4-0003-0003-0003-000000000006', 'Основы дизайна', 1),
    ('e1e2e3e4-0004-0004-0004-000000000019', 'd1d2d3d4-0003-0003-0003-000000000006', 'Работа в Figma', 2),
    ('e1e2e3e4-0004-0004-0004-000000000020', 'd1d2d3d4-0003-0003-0003-000000000006', 'Практические проекты', 3);

INSERT INTO lessons (id, module_id, course_id, name, duration_minutes, is_free, sort_order) VALUES
    ('f1f2f3f4-0005-0006-0006-000000000001', 'e1e2e3e4-0004-0004-0004-000000000018', 'd1d2d3d4-0003-0003-0003-000000000006', 'Принципы дизайна', 20, true, 1),
    ('f1f2f3f4-0005-0006-0006-000000000002', 'e1e2e3e4-0004-0004-0004-000000000018', 'd1d2d3d4-0003-0003-0003-000000000006', 'Типографика и цвет', 25, true, 2),
    ('f1f2f3f4-0005-0006-0006-000000000003', 'e1e2e3e4-0004-0004-0004-000000000019', 'd1d2d3d4-0003-0003-0003-000000000006', 'Интерфейс Figma', 30, false, 1),
    ('f1f2f3f4-0005-0006-0006-000000000004', 'e1e2e3e4-0004-0004-0004-000000000019', 'd1d2d3d4-0003-0003-0003-000000000006', 'Компоненты и Auto Layout', 35, false, 2),
    ('f1f2f3f4-0005-0006-0006-000000000005', 'e1e2e3e4-0004-0004-0004-000000000019', 'd1d2d3d4-0003-0003-0003-000000000006', 'Прототипирование', 30, false, 3),
    ('f1f2f3f4-0005-0006-0006-000000000006', 'e1e2e3e4-0004-0004-0004-000000000020', 'd1d2d3d4-0003-0003-0003-000000000006', 'Дизайн лендинга', 40, false, 1),
    ('f1f2f3f4-0005-0006-0006-000000000007', 'e1e2e3e4-0004-0004-0004-000000000020', 'd1d2d3d4-0003-0003-0003-000000000006', 'Дизайн мобильного приложения', 45, false, 2);

-- Modules and lessons: Course 7 (Бизнес) — 3 modules, 9 lessons
INSERT INTO course_modules (id, course_id, title, sort_order) VALUES
    ('e1e2e3e4-0004-0004-0004-000000000021', 'd1d2d3d4-0003-0003-0003-000000000007', 'Идея и анализ рынка', 1),
    ('e1e2e3e4-0004-0004-0004-000000000022', 'd1d2d3d4-0003-0003-0003-000000000007', 'Бизнес-план и финансы', 2),
    ('e1e2e3e4-0004-0004-0004-000000000023', 'd1d2d3d4-0003-0003-0003-000000000007', 'Запуск и масштабирование', 3);

INSERT INTO lessons (id, module_id, course_id, name, duration_minutes, is_free, sort_order) VALUES
    ('f1f2f3f4-0005-0007-0007-000000000001', 'e1e2e3e4-0004-0004-0004-000000000021', 'd1d2d3d4-0003-0003-0003-000000000007', 'Поиск бизнес-идеи', 20, true, 1),
    ('f1f2f3f4-0005-0007-0007-000000000002', 'e1e2e3e4-0004-0004-0004-000000000021', 'd1d2d3d4-0003-0003-0003-000000000007', 'Анализ конкурентов', 25, true, 2),
    ('f1f2f3f4-0005-0007-0007-000000000003', 'e1e2e3e4-0004-0004-0004-000000000021', 'd1d2d3d4-0003-0003-0003-000000000007', 'Целевая аудитория', 20, false, 3),
    ('f1f2f3f4-0005-0007-0007-000000000004', 'e1e2e3e4-0004-0004-0004-000000000022', 'd1d2d3d4-0003-0003-0003-000000000007', 'Составление бизнес-плана', 35, false, 1),
    ('f1f2f3f4-0005-0007-0007-000000000005', 'e1e2e3e4-0004-0004-0004-000000000022', 'd1d2d3d4-0003-0003-0003-000000000007', 'Финансовое планирование', 30, false, 2),
    ('f1f2f3f4-0005-0007-0007-000000000006', 'e1e2e3e4-0004-0004-0004-000000000022', 'd1d2d3d4-0003-0003-0003-000000000007', 'Привлечение инвестиций', 25, false, 3),
    ('f1f2f3f4-0005-0007-0007-000000000007', 'e1e2e3e4-0004-0004-0004-000000000023', 'd1d2d3d4-0003-0003-0003-000000000007', 'Маркетинг и продажи', 30, false, 1),
    ('f1f2f3f4-0005-0007-0007-000000000008', 'e1e2e3e4-0004-0004-0004-000000000023', 'd1d2d3d4-0003-0003-0003-000000000007', 'Юридические аспекты', 25, false, 2),
    ('f1f2f3f4-0005-0007-0007-000000000009', 'e1e2e3e4-0004-0004-0004-000000000023', 'd1d2d3d4-0003-0003-0003-000000000007', 'Масштабирование бизнеса', 35, false, 3);

-- Modules and lessons: Course 8 (Хобби/Керамика) — 3 modules, 6 lessons
INSERT INTO course_modules (id, course_id, title, sort_order) VALUES
    ('e1e2e3e4-0004-0004-0004-000000000024', 'd1d2d3d4-0003-0003-0003-000000000008', 'Введение в керамику', 1),
    ('e1e2e3e4-0004-0004-0004-000000000025', 'd1d2d3d4-0003-0003-0003-000000000008', 'Гончарный круг', 2),
    ('e1e2e3e4-0004-0004-0004-000000000026', 'd1d2d3d4-0003-0003-0003-000000000008', 'Глазурование и обжиг', 3);

INSERT INTO lessons (id, module_id, course_id, name, duration_minutes, is_free, sort_order) VALUES
    ('f1f2f3f4-0005-0008-0008-000000000001', 'e1e2e3e4-0004-0004-0004-000000000024', 'd1d2d3d4-0003-0003-0003-000000000008', 'Виды глины и подготовка', 20, true, 1),
    ('f1f2f3f4-0005-0008-0008-000000000002', 'e1e2e3e4-0004-0004-0004-000000000024', 'd1d2d3d4-0003-0003-0003-000000000008', 'Ручная лепка', 30, true, 2),
    ('f1f2f3f4-0005-0008-0008-000000000003', 'e1e2e3e4-0004-0004-0004-000000000025', 'd1d2d3d4-0003-0003-0003-000000000008', 'Центрирование глины', 35, false, 1),
    ('f1f2f3f4-0005-0008-0008-000000000004', 'e1e2e3e4-0004-0004-0004-000000000025', 'd1d2d3d4-0003-0003-0003-000000000008', 'Формовка изделия', 40, false, 2),
    ('f1f2f3f4-0005-0008-0008-000000000005', 'e1e2e3e4-0004-0004-0004-000000000026', 'd1d2d3d4-0003-0003-0003-000000000008', 'Виды глазурей', 25, false, 1),
    ('f1f2f3f4-0005-0008-0008-000000000006', 'e1e2e3e4-0004-0004-0004-000000000026', 'd1d2d3d4-0003-0003-0003-000000000008', 'Процесс обжига', 30, false, 2);

-- Reviews
INSERT INTO reviews (user_id, course_id, name, initials, text, rating) VALUES
    ('c1c2c3c4-8888-8888-8888-000000000001', 'd1d2d3d4-0003-0003-0003-000000000001', 'Сергей К.', 'СК', 'Отличный курс! Наконец-то разобрался с ручными настройками камеры.', 5),
    ('c1c2c3c4-8888-8888-8888-000000000002', 'd1d2d3d4-0003-0003-0003-000000000001', 'Анна Л.', 'АЛ', 'Хороший курс для начинающих фотографов. Хотелось бы больше практики.', 4),
    ('c1c2c3c4-8888-8888-8888-000000000003', 'd1d2d3d4-0003-0003-0003-000000000001', 'Михаил Д.', 'МД', 'Прошёл весь курс за месяц. Очень структурированный материал!', 5),
    ('c1c2c3c4-8888-8888-8888-000000000004', 'd1d2d3d4-0003-0003-0003-000000000002', 'Ольга П.', 'ОП', 'Супер для старта в музыке. Все задания интересные и актуальные.', 5),
    ('c1c2c3c4-8888-8888-8888-000000000005', 'd1d2d3d4-0003-0003-0003-000000000002', 'Павел В.', 'ПВ', 'Хороший курс, но местами сложновато для абсолютных новичков.', 4),
    ('c1c2c3c4-8888-8888-8888-000000000006', 'd1d2d3d4-0003-0003-0003-000000000003', 'Катя М.', 'КМ', 'Очень крутой курс! Рисовать акварелью теперь моё любимое хобби.', 5),
    ('c1c2c3c4-8888-8888-8888-000000000007', 'd1d2d3d4-0003-0003-0003-000000000005', 'Игорь Н.', 'ИН', 'Полезный курс по видеомонтажу. Много реальных примеров.', 4),
    ('c1c2c3c4-8888-8888-8888-000000000008', 'd1d2d3d4-0003-0003-0003-000000000007', 'Виктор Р.', 'ВР', 'Лучший курс по бизнесу! Запустил свой проект после прохождения.', 5),
    ('c1c2c3c4-8888-8888-8888-000000000009', 'd1d2d3d4-0003-0003-0003-000000000008', 'Наталья С.', 'НС', 'Керамика — потрясающее хобби. Курс помог освоить гончарный круг.', 5);

-- Enrollments
INSERT INTO enrollments (user_id, course_id) VALUES
    ('c1c2c3c4-8888-8888-8888-000000000001', 'd1d2d3d4-0003-0003-0003-000000000001'),
    ('c1c2c3c4-8888-8888-8888-000000000002', 'd1d2d3d4-0003-0003-0003-000000000001'),
    ('c1c2c3c4-8888-8888-8888-000000000003', 'd1d2d3d4-0003-0003-0003-000000000001'),
    ('c1c2c3c4-8888-8888-8888-000000000004', 'd1d2d3d4-0003-0003-0003-000000000002'),
    ('c1c2c3c4-8888-8888-8888-000000000005', 'd1d2d3d4-0003-0003-0003-000000000002'),
    ('c1c2c3c4-8888-8888-8888-000000000006', 'd1d2d3d4-0003-0003-0003-000000000003'),
    ('c1c2c3c4-8888-8888-8888-000000000001', 'd1d2d3d4-0003-0003-0003-000000000002'),
    ('c1c2c3c4-8888-8888-8888-000000000007', 'd1d2d3d4-0003-0003-0003-000000000005'),
    ('c1c2c3c4-8888-8888-8888-000000000008', 'd1d2d3d4-0003-0003-0003-000000000007'),
    ('c1c2c3c4-8888-8888-8888-000000000009', 'd1d2d3d4-0003-0003-0003-000000000008');
