-- +goose Up
-- Categories
INSERT INTO categories (id, name, abbreviation, color) VALUES
    ('a1b2c3d4-0001-0001-0001-000000000001', 'Программирование', 'PR', '#6366f1'),
    ('a1b2c3d4-0001-0001-0001-000000000002', 'Дизайн', 'DZ', '#ec4899'),
    ('a1b2c3d4-0001-0001-0001-000000000003', 'Маркетинг', 'MK', '#f59e0b'),
    ('a1b2c3d4-0001-0001-0001-000000000004', 'Бизнес', 'BZ', '#10b981'),
    ('a1b2c3d4-0001-0001-0001-000000000005', 'Аналитика данных', 'AD', '#3b82f6'),
    ('a1b2c3d4-0001-0001-0001-000000000006', 'Мобильная разработка', 'MR', '#8b5cf6');

-- Authors
INSERT INTO authors (id, user_id, name, initials, subtitle, bio, courses_count, years_experience, approved) VALUES
    ('b1b2c3d4-0002-0002-0002-000000000001',
     'c1c2c3c4-9999-9999-9999-000000000001',
     'Алексей Петров', 'АП',
     'Senior Software Engineer',
     'Более 10 лет опыта в разработке. Работал в Яндексе, VK и нескольких стартапах. Специализируется на Go, Python и архитектуре высоконагруженных систем.',
     3, 10, true),
    ('b1b2c3d4-0002-0002-0002-000000000002',
     'c1c2c3c4-9999-9999-9999-000000000002',
     'Мария Иванова', 'МИ',
     'Lead UX/UI Designer',
     'Ведущий дизайнер с опытом работы в крупных IT-компаниях. Создавала интерфейсы для продуктов с миллионами пользователей.',
     2, 8, true),
    ('b1b2c3d4-0002-0002-0002-000000000003',
     'c1c2c3c4-9999-9999-9999-000000000003',
     'Дмитрий Козлов', 'ДК',
     'Data Scientist',
     'Эксперт в области машинного обучения и анализа данных. Кандидат технических наук.',
     2, 7, true),
    ('b1b2c3d4-0002-0002-0002-000000000004',
     'c1c2c3c4-9999-9999-9999-000000000004',
     'Елена Смирнова', 'ЕС',
     'Digital Marketing Expert',
     'Руководитель маркетинга с 12-летним опытом. Помогает бизнесам расти через digital-каналы.',
     1, 12, true);

-- Courses
INSERT INTO courses (id, title, description, author_id, category_id, level, price, old_price, color_1, color_2, tag, preview_url, published) VALUES
    ('d1d2d3d4-0003-0003-0003-000000000001',
     'Go: полный курс разработки',
     'Научитесь создавать высокопроизводительные приложения на Go. От основ языка до микросервисной архитектуры, Docker и Kubernetes.',
     'b1b2c3d4-0002-0002-0002-000000000001',
     'a1b2c3d4-0001-0001-0001-000000000001',
     'Новичкам', 2490, 3200, '#6366f1', '#8b5cf6', 'Бестселлер', NULL, true),

    ('d1d2d3d4-0003-0003-0003-000000000002',
     'Python для анализа данных',
     'Полный курс по Python для data science: pandas, numpy, matplotlib, scikit-learn и работа с реальными датасетами.',
     'b1b2c3d4-0002-0002-0002-000000000003',
     'a1b2c3d4-0001-0001-0001-000000000005',
     'Новичкам', 1990, 2800, '#3b82f6', '#1d4ed8', 'Популярное', NULL, true),

    ('d1d2d3d4-0003-0003-0003-000000000003',
     'UX/UI дизайн с нуля до PRO',
     'Освойте профессию UX/UI дизайнера: от исследования пользователей до создания дизайн-систем в Figma.',
     'b1b2c3d4-0002-0002-0002-000000000002',
     'a1b2c3d4-0001-0001-0001-000000000002',
     'Новичкам', 2190, NULL, '#ec4899', '#db2777', 'Новинка', NULL, true),

    ('d1d2d3d4-0003-0003-0003-000000000004',
     'Архитектура микросервисов',
     'Проектирование и разработка микросервисных систем: паттерны, gRPC, брокеры сообщений, мониторинг и деплой.',
     'b1b2c3d4-0002-0002-0002-000000000001',
     'a1b2c3d4-0001-0001-0001-000000000001',
     'Продвинутый', 3200, NULL, '#7c3aed', '#5b21b6', NULL, NULL, true),

    ('d1d2d3d4-0003-0003-0003-000000000005',
     'Digital-маркетинг: стратегия и инструменты',
     'Как строить маркетинговую стратегию, запускать рекламу, работать с аналитикой и увеличивать конверсию.',
     'b1b2c3d4-0002-0002-0002-000000000004',
     'a1b2c3d4-0001-0001-0001-000000000003',
     'Любой', 1490, 1990, '#f59e0b', '#d97706', 'Популярное', NULL, true),

    ('d1d2d3d4-0003-0003-0003-000000000006',
     'Figma: мастер-класс для дизайнеров',
     'Глубокое погружение в Figma: компоненты, Auto Layout, прототипы, плагины и командная работа.',
     'b1b2c3d4-0002-0002-0002-000000000002',
     'a1b2c3d4-0001-0001-0001-000000000002',
     'Продвинутый', 990, NULL, '#f472b6', '#ec4899', NULL, NULL, true),

    ('d1d2d3d4-0003-0003-0003-000000000007',
     'Machine Learning на практике',
     'Практический курс по ML: регрессия, классификация, кластеризация, нейронные сети и работа с реальными проектами.',
     'b1b2c3d4-0002-0002-0002-000000000003',
     'a1b2c3d4-0001-0001-0001-000000000005',
     'Продвинутый', 2990, 3500, '#2563eb', '#1e40af', 'Бестселлер', NULL, true),

    ('d1d2d3d4-0003-0003-0003-000000000008',
     'React и TypeScript: современный фронтенд',
     'Создавайте масштабируемые веб-приложения с React, TypeScript, Next.js и современными инструментами.',
     'b1b2c3d4-0002-0002-0002-000000000001',
     'a1b2c3d4-0001-0001-0001-000000000001',
     'Новичкам', 2290, 2990, '#06b6d4', '#0891b2', 'Новинка', NULL, true);

-- Learn items for "Go: полный курс"
INSERT INTO course_learn_items (course_id, text, sort_order) VALUES
    ('d1d2d3d4-0003-0003-0003-000000000001', 'Основы языка Go: типы данных, управление потоком, функции', 1),
    ('d1d2d3d4-0003-0003-0003-000000000001', 'Конкурентность: горутины, каналы, паттерны конкурентного программирования', 2),
    ('d1d2d3d4-0003-0003-0003-000000000001', 'Работа с базами данных: PostgreSQL, Redis, MongoDB', 3),
    ('d1d2d3d4-0003-0003-0003-000000000001', 'REST API и gRPC: проектирование и реализация', 4),
    ('d1d2d3d4-0003-0003-0003-000000000001', 'Docker и Kubernetes: контейнеризация и оркестрация', 5),
    ('d1d2d3d4-0003-0003-0003-000000000001', 'Тестирование: unit-тесты, интеграционные тесты, бенчмарки', 6);

-- Learn items for "Python для анализа данных"
INSERT INTO course_learn_items (course_id, text, sort_order) VALUES
    ('d1d2d3d4-0003-0003-0003-000000000002', 'Python для работы с данными: pandas, numpy', 1),
    ('d1d2d3d4-0003-0003-0003-000000000002', 'Визуализация данных: matplotlib, seaborn, plotly', 2),
    ('d1d2d3d4-0003-0003-0003-000000000002', 'Статистический анализ и проверка гипотез', 3),
    ('d1d2d3d4-0003-0003-0003-000000000002', 'Машинное обучение с scikit-learn', 4),
    ('d1d2d3d4-0003-0003-0003-000000000002', 'Работа с реальными датасетами и Kaggle', 5);

-- Includes for "Go: полный курс"
INSERT INTO course_includes (course_id, text, sort_order) VALUES
    ('d1d2d3d4-0003-0003-0003-000000000001', '42 часа видео', 1),
    ('d1d2d3d4-0003-0003-0003-000000000001', '15 практических заданий', 2),
    ('d1d2d3d4-0003-0003-0003-000000000001', 'Доступ к исходному коду', 3),
    ('d1d2d3d4-0003-0003-0003-000000000001', 'Сертификат о прохождении', 4),
    ('d1d2d3d4-0003-0003-0003-000000000001', 'Пожизненный доступ к материалам', 5);

-- Modules and lessons for "Go: полный курс"
INSERT INTO course_modules (id, course_id, title, sort_order) VALUES
    ('e1e2e3e4-0004-0004-0004-000000000001', 'd1d2d3d4-0003-0003-0003-000000000001', 'Введение в Go', 1),
    ('e1e2e3e4-0004-0004-0004-000000000002', 'd1d2d3d4-0003-0003-0003-000000000001', 'Типы данных и структуры', 2),
    ('e1e2e3e4-0004-0004-0004-000000000003', 'd1d2d3d4-0003-0003-0003-000000000001', 'Конкурентность в Go', 3),
    ('e1e2e3e4-0004-0004-0004-000000000004', 'd1d2d3d4-0003-0003-0003-000000000001', 'Работа с базами данных', 4),
    ('e1e2e3e4-0004-0004-0004-000000000005', 'd1d2d3d4-0003-0003-0003-000000000001', 'REST API', 5);

INSERT INTO lessons (id, module_id, course_id, name, duration_minutes, is_free, sort_order) VALUES
    ('f1f2f3f4-0005-0001-0001-000000000001', 'e1e2e3e4-0004-0004-0004-000000000001', 'd1d2d3d4-0003-0003-0003-000000000001', 'Установка и настройка Go', 15, true, 1),
    ('f1f2f3f4-0005-0001-0001-000000000002', 'e1e2e3e4-0004-0004-0004-000000000001', 'd1d2d3d4-0003-0003-0003-000000000001', 'Hello World и первая программа', 20, true, 2),
    ('f1f2f3f4-0005-0001-0001-000000000003', 'e1e2e3e4-0004-0004-0004-000000000001', 'd1d2d3d4-0003-0003-0003-000000000001', 'Переменные и константы', 25, false, 3),
    ('f1f2f3f4-0005-0001-0001-000000000004', 'e1e2e3e4-0004-0004-0004-000000000002', 'd1d2d3d4-0003-0003-0003-000000000001', 'Массивы и слайсы', 30, false, 1),
    ('f1f2f3f4-0005-0001-0001-000000000005', 'e1e2e3e4-0004-0004-0004-000000000002', 'd1d2d3d4-0003-0003-0003-000000000001', 'Карты (maps)', 25, false, 2),
    ('f1f2f3f4-0005-0001-0001-000000000006', 'e1e2e3e4-0004-0004-0004-000000000002', 'd1d2d3d4-0003-0003-0003-000000000001', 'Структуры и методы', 35, false, 3),
    ('f1f2f3f4-0005-0001-0001-000000000007', 'e1e2e3e4-0004-0004-0004-000000000003', 'd1d2d3d4-0003-0003-0003-000000000001', 'Горутины', 40, false, 1),
    ('f1f2f3f4-0005-0001-0001-000000000008', 'e1e2e3e4-0004-0004-0004-000000000003', 'd1d2d3d4-0003-0003-0003-000000000001', 'Каналы', 45, false, 2),
    ('f1f2f3f4-0005-0001-0001-000000000009', 'e1e2e3e4-0004-0004-0004-000000000003', 'd1d2d3d4-0003-0003-0003-000000000001', 'Паттерны конкурентности', 50, false, 3),
    ('f1f2f3f4-0005-0001-0001-000000000010', 'e1e2e3e4-0004-0004-0004-000000000004', 'd1d2d3d4-0003-0003-0003-000000000001', 'Подключение PostgreSQL', 35, false, 1),
    ('f1f2f3f4-0005-0001-0001-000000000011', 'e1e2e3e4-0004-0004-0004-000000000004', 'd1d2d3d4-0003-0003-0003-000000000001', 'CRUD операции', 40, false, 2),
    ('f1f2f3f4-0005-0001-0001-000000000012', 'e1e2e3e4-0004-0004-0004-000000000004', 'd1d2d3d4-0003-0003-0003-000000000001', 'Миграции', 25, false, 3),
    ('f1f2f3f4-0005-0001-0001-000000000013', 'e1e2e3e4-0004-0004-0004-000000000005', 'd1d2d3d4-0003-0003-0003-000000000001', 'HTTP-сервер в Go', 30, false, 1),
    ('f1f2f3f4-0005-0001-0001-000000000014', 'e1e2e3e4-0004-0004-0004-000000000005', 'd1d2d3d4-0003-0003-0003-000000000001', 'Роутинг и middleware', 35, false, 2),
    ('f1f2f3f4-0005-0001-0001-000000000015', 'e1e2e3e4-0004-0004-0004-000000000005', 'd1d2d3d4-0003-0003-0003-000000000001', 'Авторизация и JWT', 40, false, 3);

-- Modules and lessons for "Python для анализа данных"
INSERT INTO course_modules (id, course_id, title, sort_order) VALUES
    ('e1e2e3e4-0004-0004-0004-000000000006', 'd1d2d3d4-0003-0003-0003-000000000002', 'Основы Python', 1),
    ('e1e2e3e4-0004-0004-0004-000000000007', 'd1d2d3d4-0003-0003-0003-000000000002', 'Pandas и NumPy', 2),
    ('e1e2e3e4-0004-0004-0004-000000000008', 'd1d2d3d4-0003-0003-0003-000000000002', 'Визуализация данных', 3);

INSERT INTO lessons (id, module_id, course_id, name, duration_minutes, is_free, sort_order) VALUES
    ('f1f2f3f4-0005-0002-0002-000000000001', 'e1e2e3e4-0004-0004-0004-000000000006', 'd1d2d3d4-0003-0003-0003-000000000002', 'Установка Python и Jupyter', 15, true, 1),
    ('f1f2f3f4-0005-0002-0002-000000000002', 'e1e2e3e4-0004-0004-0004-000000000006', 'd1d2d3d4-0003-0003-0003-000000000002', 'Основы синтаксиса', 25, true, 2),
    ('f1f2f3f4-0005-0002-0002-000000000003', 'e1e2e3e4-0004-0004-0004-000000000006', 'd1d2d3d4-0003-0003-0003-000000000002', 'Коллекции и циклы', 30, false, 3),
    ('f1f2f3f4-0005-0002-0002-000000000004', 'e1e2e3e4-0004-0004-0004-000000000007', 'd1d2d3d4-0003-0003-0003-000000000002', 'Введение в Pandas', 35, false, 1),
    ('f1f2f3f4-0005-0002-0002-000000000005', 'e1e2e3e4-0004-0004-0004-000000000007', 'd1d2d3d4-0003-0003-0003-000000000002', 'DataFrame: операции', 40, false, 2),
    ('f1f2f3f4-0005-0002-0002-000000000006', 'e1e2e3e4-0004-0004-0004-000000000007', 'd1d2d3d4-0003-0003-0003-000000000002', 'NumPy для вычислений', 35, false, 3),
    ('f1f2f3f4-0005-0002-0002-000000000007', 'e1e2e3e4-0004-0004-0004-000000000008', 'd1d2d3d4-0003-0003-0003-000000000002', 'Matplotlib основы', 30, false, 1),
    ('f1f2f3f4-0005-0002-0002-000000000008', 'e1e2e3e4-0004-0004-0004-000000000008', 'd1d2d3d4-0003-0003-0003-000000000002', 'Seaborn и продвинутые графики', 35, false, 2);

-- Reviews
INSERT INTO reviews (user_id, course_id, name, initials, text, rating) VALUES
    ('c1c2c3c4-8888-8888-8888-000000000001', 'd1d2d3d4-0003-0003-0003-000000000001', 'Сергей К.', 'СК', 'Отличный курс! Наконец-то понял горутины и каналы. Автор объясняет простым языком.', 5),
    ('c1c2c3c4-8888-8888-8888-000000000002', 'd1d2d3d4-0003-0003-0003-000000000001', 'Анна Л.', 'АЛ', 'Хороший курс для начинающих. Хотелось бы больше практических заданий.', 4),
    ('c1c2c3c4-8888-8888-8888-000000000003', 'd1d2d3d4-0003-0003-0003-000000000001', 'Михаил Д.', 'МД', 'Прошёл весь курс за 2 недели. Очень структурированный материал. Рекомендую!', 5),
    ('c1c2c3c4-8888-8888-8888-000000000004', 'd1d2d3d4-0003-0003-0003-000000000002', 'Ольга П.', 'ОП', 'Супер для старта в data science. Все задания актуальные и интересные.', 5),
    ('c1c2c3c4-8888-8888-8888-000000000005', 'd1d2d3d4-0003-0003-0003-000000000002', 'Павел В.', 'ПВ', 'Хороший курс, но местами сложновато для абсолютных новичков.', 4),
    ('c1c2c3c4-8888-8888-8888-000000000006', 'd1d2d3d4-0003-0003-0003-000000000003', 'Катя М.', 'КМ', 'Очень крутой курс по дизайну! Figma теперь мой лучший друг.', 5),
    ('c1c2c3c4-8888-8888-8888-000000000007', 'd1d2d3d4-0003-0003-0003-000000000005', 'Игорь Н.', 'ИН', 'Полезный курс для маркетологов. Много реальных кейсов.', 4),
    ('c1c2c3c4-8888-8888-8888-000000000008', 'd1d2d3d4-0003-0003-0003-000000000007', 'Виктор Р.', 'ВР', 'Лучший курс по ML на русском языке. Много практики!', 5),
    ('c1c2c3c4-8888-8888-8888-000000000009', 'd1d2d3d4-0003-0003-0003-000000000008', 'Наталья С.', 'НС', 'React + TypeScript — мощная связка. Курс помог разобраться с нуля.', 5);

-- Enrollments (some demo enrollments)
INSERT INTO enrollments (user_id, course_id) VALUES
    ('c1c2c3c4-8888-8888-8888-000000000001', 'd1d2d3d4-0003-0003-0003-000000000001'),
    ('c1c2c3c4-8888-8888-8888-000000000002', 'd1d2d3d4-0003-0003-0003-000000000001'),
    ('c1c2c3c4-8888-8888-8888-000000000003', 'd1d2d3d4-0003-0003-0003-000000000001'),
    ('c1c2c3c4-8888-8888-8888-000000000004', 'd1d2d3d4-0003-0003-0003-000000000002'),
    ('c1c2c3c4-8888-8888-8888-000000000005', 'd1d2d3d4-0003-0003-0003-000000000002'),
    ('c1c2c3c4-8888-8888-8888-000000000006', 'd1d2d3d4-0003-0003-0003-000000000003'),
    ('c1c2c3c4-8888-8888-8888-000000000001', 'd1d2d3d4-0003-0003-0003-000000000002'),
    ('c1c2c3c4-8888-8888-8888-000000000007', 'd1d2d3d4-0003-0003-0003-000000000005'),
    ('c1c2c3c4-8888-8888-8888-000000000008', 'd1d2d3d4-0003-0003-0003-000000000007'),
    ('c1c2c3c4-8888-8888-8888-000000000009', 'd1d2d3d4-0003-0003-0003-000000000008');
